albert_jr_02,
rheanna.lariego,
kenadee8788,
ana_07_isabel,
jeffrey__the_notorious_one,
eigaah,
bryanmonterroso,
ana__jimenez1,
danihernandez4991,
irma.tabilo,
nazwa_canss_mnss,
cain_lfc96,
11santifernandez,
yare0288,
corgioda,
kama_bxtch,
vaibhav_modi01,
vikanita_17,
babywoods1099,
adelina_sakurova,
aby3982,
jesus.thorres,
mimidoux7,
itz.natalie6,
sugar_bear_kisses,
t.i.d.78,
fhahyma,
koii_2536,
tanmay_samaiya_04,
kaniasshop.id,
gumball117,
rochiisabel,
rekamogyoro,
vic.torz,
get.followers_8k,
samar.safi.56808,
sl.2x,
kikayorkshire2007,
bella.trodrigues,
samoyedocopy,
danishmalik098,
ponk125698,
roozbeh0098,
frida_perrita_rescatista,
joey.the.dood,
ohheyimashley,
geisamariafernandes,
lily_thefluff,
letimontenegro,
nana.stroia,
lhsn6902,
kitaj10563,
bellathecutek9,
ollliethegolden,
maikil_cresmed,
juliia.sch_,
photosbypaulo,
scarlets_dog_blog,
bandboxcreative,
mitjons_the_cat,
bestmemes212,
cindygiuliani1,
__manicurofff__,
whovian0906,
christian_postl,
stella_il_grande,
teddythecockapoopoo,
animafanatica,
sami.theshiba,
thespiderswebvintage,
khwkhh5494,
amandataylor5465,
ari_raymond_,
frenchiegeordie,
megdaly88,
rustythedog00,
mariavillela80,
heavydirtysoul17,
boytoneusa,
dr.targon,
sophiathecocker,
young_thoms,
alejovalbu,
irmariluz,
naturereveal,
lengthyylola,
destinanissa,
hardallbey,
bellatheblackdoodle,
363bond,
luesreyes,
aprilfour407,
jaivirh,
mikejeff9,
yolo_12022345,
brendenosse,
firemanfamspam,
ibnbrandon,
lerja_harlamiceva,
lavaleazcoitia,
marianoromerohernandez0512017,
cubanita20.02,
alejandroamro,
xemma1606x,
konceptusdesign,
georgieobrien4055,
evanm3156,
johanagabriela02,
vincenzoarleo,
thestarbucksalpaca,
rosarioegresada2017,
gabriel_ec_wolf,
rambothekingpug,
6avy,
cassiemilia,
zhenny_ivanova,
couturelapnanny,
aufgerouget,
spanboleta,
bev.partridge,
pablo_012346,
vickeey3,
jonaover,
pp33l,
hollybailey1814,
pomlive,
vaid.arpit,
izzy.jenkin,
lifeofaloe,
higginsandmax,
scooby_detomi,
labradoscar,
montey_the_dog,
maciejayyyy,
setarehhoushangpour,
puppyhffer,
louisemleeson,
sabta.luiza,
rhalli_rodrigues,
theartofgeeking,
tuckyfromkentucky,
hurleytheminidoodle,
spaniel.sisters,
shihtzusophie01,
sulim1644,
oliviaandtravis,
renee_cascia,
barrythemerrygolden,
twiggy.___,
adventuresofbaileyrose,
yoshi.the.dawg,
fmcdregalos,
bellaspitzwebs,
laurengabrielsondesign,
puppydogalfie,
the_golden_retriever_blue,
jaempatcharin,
bigdog_littledog_mb,
thelifeofluxury1,
micheletanita,
lolathedogo,
kamie_the_cockapoo,
noysandrusy,
deependra1851,
wigenefoo,
saxenashubham21096,
sunnythegreatdalmatian,
wellyatrias,
msblitz1111,
hayashibm,
valersss,
thejunktrunk_,
7crazypets1234567,
andreasentosa,
bcn.realtor.josep,
ryanlam1405,
stevoo_b,
kashvilla,
me.97_8,
ares_xxl,
thelifeofmrcoby,
olivegolden,
jareddonahoe,
princess_goldenretriever,
chocolarina,
soumyeahh,
klauss_55,
fabianopontesbill,
laurendaltn,
dlpdreamsfordreams,
mashkinzzz666999,
katiezillm,
jolka_g,
pretarevi,
ashley_free27,
maticsanjaa,
aaaannnina.l,
__litty__backgrounds__,
nibras_khan,
none_weekend,
official_schnee,
it_is_moritz_,
sahraalizada,
raffy.sanna,
jensiii.111,
kinglit95,
edgarm_m,
dayadeveroux_,
felixseichter,
lorenxxgrays,
zulfa_fan4959,
mr__aman___07,
heathern1210,
sajad__taheri__,
veraferreira94,
paulina_jernita_siagian,
haninedk,
linhsang430,
ayesha_khan22r,
jakey9805,
leeleesparklesportfolio,
gunjan_katoch487,
jsk_s2_s2,
kikifromfrance,
layla.thelabradoodle,
gorgeouslilbetch,
finnandseamus,
millie.pug,
ivanthegoldenpup,
stoli.the.minidood,
lagranjadebebotes,
lollypopgirl73,
sheepadoodlesisters,
josehuertasfotografia,
vero1988cami,
mister_russell_,
odin_thegreatbully,
baileyb_thewheaten,
lilli.thepup,
dogtorwally,
lordboris6,
irenetrann,
mellis.littleworld,
ajop51,
selinnya,
stef_levesque,
lost.in.paradise3,
sandra42175,
jimandkayg,
made.by.nyx,
bryandzs,
ohhhsulli,
kavya.sinngh,
gaia.onyrix,
caspian.tiara,
nelsontheminpin,
icristian.coman,
brettkissel,
connornewbold,
kehta_hai_joker_saara_zamana,
style_icon_a,
nataliefloroswright,
marcela_volkova,
ewansean85,
animalclan4,
moxiethegsp,
sweetannieod,
abrittlebank,
finnthedcdoodle,
meutotempetcare,
yuzik_dog,
fashiontoppeople,
extramarana,
camillabuselli,
stelasulzdorf,
christopherjaquez,
fifin_ulifa88,
ivonneosky,
iron_infantry,
